{
    "en": {
      "login": "Login",
      "email_address": "Email Address",
      "password": "Password",
      "forgot_password": "Forgot Password?",
      "signup_prompt": "Not a user? Sign Up Now",
      "policy_details": "Policy Details",
      "contact": "Contact",
      "welcome_back": "Welcome Back"
    },
    "fr": {
      "login": "Connexion",
      "email_address": "Adresse e-mail",
      "password": "Mot de passe",
      "forgot_password": "Mot de passe oublié ?",
      "signup_prompt": "Pas encore inscrit ? Inscrivez-vous maintenant",
      "policy_details": "Détails de la politique",
      "contact": "Contact",
      "welcome_back": "Bienvenue"
    }
  }
  